Version,Threads,ArraySize,Time
Sequential,1,100000,3.142471
OpenMP,2,100000,2.414809
OpenMP,4,100000,2.611778
OpenMP,6,100000,2.789473
OpenMP,8,100000,2.866456
OpenMP,10,100000,2.827298
OpenMP,12,100000,3.153978
Pthreads,2,100000,0.828934
Pthreads,4,100000,0.239278
Pthreads,6,100000,0.139974
Pthreads,8,100000,0.105456
Pthreads,10,100000,0.069164
Pthreads,12,100000,0.063261
MPI,2,100000,0.812696
MPI,4,100000,0.241699
MPI,8,100000,
MPI,10,100000,
